Date,Time,Open,High,Low,Close,Volume
10/14/2022,4:00 PM,357.39,357.77,356.96,357.68,5680034
10/17/2022,9:33 AM,364.01,365.44,363.97,365.1825,2168409
10/17/2022,9:36 AM,365.16,365.95,365.01,365.82,1113303
10/17/2022,9:39 AM,365.82,366.57,365.81,366.37,1433705
10/17/2022,9:42 AM,366.362,367.285,366.26,367.26,1413325
10/17/2022,9:45 AM,367.24,367.38,366.55,366.69,1040573
10/17/2022,9:48 AM,366.6699,366.75,366.03,366.21,947812
10/17/2022,9:51 AM,366.21,367.21,366.11,367.065,922220
10/17/2022,9:54 AM,367.06,367.14,366.17,366.46,798316
10/17/2022,9:57 AM,366.47,366.7199,365.71,365.81,709803
10/17/2022,10:00 AM,365.81,366.08,365.52,365.87,768047
10/17/2022,10:03 AM,365.85,366.41,365.58,366.03,671655
10/17/2022,10:06 AM,366.03,366.51,365.93,366.25,616321
10/17/2022,10:09 AM,366.2401,366.66,365.91,366.6,909932
10/17/2022,10:12 AM,366.5901,367.02,366.14,366.9268,711630
10/17/2022,10:15 AM,366.9201,367.84,366.71,367.79,919025
10/17/2022,10:18 AM,367.8,367.9286,367.45,367.59,819857
10/17/2022,10:21 AM,367.6,367.88,367.42,367.76,572407
10/17/2022,10:24 AM,367.76,367.9799,366.93,367.06,658833
10/17/2022,10:27 AM,367.06,367.06,366.64,366.74,436735
10/17/2022,10:30 AM,366.73,366.77,366.5005,366.725,408488
10/17/2022,10:33 AM,366.72,367.07,366.37,366.915,604183
10/17/2022,10:36 AM,366.92,367.0886,366.175,366.87,625176
10/17/2022,10:39 AM,366.85,367.14,366.72,366.75,492423
10/17/2022,10:42 AM,366.75,367.01,366.58,366.9089,384726
10/17/2022,10:45 AM,366.9,366.97,366.6,366.71,265129
10/17/2022,10:48 AM,366.7,366.87,366.53,366.67,383630
10/17/2022,10:51 AM,366.6695,366.67,365.63,365.75,676725
10/17/2022,10:54 AM,365.75,365.82,365.15,365.3019,721714
10/17/2022,10:57 AM,365.28,365.56,365.02,365.0803,549079
10/17/2022,11:00 AM,365.09,365.53,364.8895,365.45,520590
10/17/2022,11:03 AM,365.45,366.04,365.43,365.9574,512919
10/17/2022,11:06 AM,365.95,366.09,365.705,365.7301,333915
10/17/2022,11:09 AM,365.7317,365.76,365.13,365.13,400408
10/17/2022,11:12 AM,365.12,365.7,364.98,365.52,360059
10/17/2022,11:15 AM,365.51,365.58,365.05,365.2,235311
10/17/2022,11:18 AM,365.17,365.18,364.6,364.95,525436
10/17/2022,11:21 AM,364.92,365.15,364.675,365.11,290163
10/17/2022,11:24 AM,365.12,365.64,364.85,365.5843,398640
10/17/2022,11:27 AM,365.6,365.94,365.58,365.72,433016
10/17/2022,11:30 AM,365.72,366.45,365.715,366.37,425891
10/17/2022,11:33 AM,366.38,366.46,366.0901,366.31,382436
10/17/2022,11:36 AM,366.31,366.63,366.16,366.48,472852
10/17/2022,11:39 AM,366.49,366.54,366.19,366.44,267675
10/17/2022,11:42 AM,366.44,367.03,366.38,366.97,452075
10/17/2022,11:45 AM,366.95,367.218,366.59,366.8,504007
10/17/2022,11:48 AM,366.8,366.84,366.6,366.74,319261
10/17/2022,11:51 AM,366.74,366.9699,366.68,366.84,323916
10/17/2022,11:54 AM,366.83,367.39,366.77,367.39,401754
10/17/2022,11:57 AM,367.39,367.48,366.945,366.98,440717
10/17/2022,12:00 PM,366.99,367.11,366.83,366.905,275531
10/17/2022,12:03 PM,366.9,367.21,366.9,367.01,400578
10/17/2022,12:06 PM,367.03,367.04,366.68,366.85,305763
10/17/2022,12:09 PM,366.84,367.55,366.7986,367.5,326270
10/17/2022,12:12 PM,367.515,367.6,366.84,366.865,258160
10/17/2022,12:15 PM,366.86,366.86,366.36,366.86,420878
10/17/2022,12:18 PM,366.855,366.93,366.56,366.62,193638
10/17/2022,12:21 PM,366.61,366.67,366.26,366.4299,207261
10/17/2022,12:24 PM,366.44,366.56,366.16,366.47,264200
10/17/2022,12:27 PM,366.465,366.83,366.41,366.73,322064
10/17/2022,12:30 PM,366.76,367.07,366.65,366.84,272676
10/17/2022,12:33 PM,366.8474,367.07,366.77,367,171484
10/17/2022,12:36 PM,366.99,367.39,366.96,367.11,332037
10/17/2022,12:39 PM,367.09,367.179,366.7133,366.94,273072
10/17/2022,12:42 PM,366.943,366.99,366.63,366.71,205089
10/17/2022,12:45 PM,366.7097,366.795,365.96,366.38,398102
10/17/2022,12:48 PM,366.38,366.72,365.96,366.56,461868
10/17/2022,12:51 PM,366.58,366.7015,366.35,366.59,213328
10/17/2022,12:54 PM,366.6,366.82,366.5,366.78,214542
10/17/2022,12:57 PM,366.75,366.91,366.5,366.5001,184018
10/17/2022,1:00 PM,366.5,366.67,366.31,366.5137,382708
10/17/2022,1:03 PM,366.515,366.7264,365.91,366.0486,318652
10/17/2022,1:06 PM,366.05,366.79,366,366.68,436295
10/17/2022,1:09 PM,366.68,366.86,366.51,366.66,220405
10/17/2022,1:12 PM,366.67,366.785,366.46,366.6524,271329
10/17/2022,1:15 PM,366.66,366.84,366.58,366.65,293090
10/17/2022,1:18 PM,366.64,367.06,366.63,366.71,326097
10/17/2022,1:21 PM,366.71,366.74,366.2701,366.495,271061
10/17/2022,1:24 PM,366.4999,367.09,366.49,367.075,309638
10/17/2022,1:27 PM,367.09,367.3105,366.93,366.96,375239
10/17/2022,1:30 PM,366.97,367.165,366.83,367.0394,301792
10/17/2022,1:33 PM,367.03,367.18,366.92,367.09,218570
10/17/2022,1:36 PM,367.08,367.17,366.94,367.105,192999
10/17/2022,1:39 PM,367.1,367.27,366.9507,367.26,312427
10/17/2022,1:42 PM,367.255,367.27,367.13,367.19,214979
10/17/2022,1:45 PM,367.2001,367.22,366.9,366.95,368628
10/17/2022,1:48 PM,366.955,367.39,366.92,367.335,276697
10/17/2022,1:51 PM,367.34,367.67,367.2401,367.5,432694
10/17/2022,1:54 PM,367.49,367.69,367.465,367.525,347062
10/17/2022,1:57 PM,367.53,367.54,367.24,367.46,252913
10/17/2022,2:00 PM,367.46,367.55,367.33,367.41,186244
10/17/2022,2:03 PM,367.4,367.92,367.29,367.44,416673
10/17/2022,2:06 PM,367.43,367.48,367.07,367.155,311349
10/17/2022,2:09 PM,367.1589,367.265,366.94,367.185,212168
10/17/2022,2:12 PM,367.19,367.36,367.04,367.254,228041
10/17/2022,2:15 PM,367.25,367.33,366.84,366.98,278726
10/17/2022,2:18 PM,366.98,367,366.76,366.77,220059
10/17/2022,2:21 PM,366.7799,367.0465,366.67,366.9401,254074
10/17/2022,2:24 PM,366.945,366.96,366.6,366.61,218673
10/17/2022,2:27 PM,366.6,366.665,366.25,366.42,306372
10/17/2022,2:30 PM,366.44,366.83,366.4,366.74,413327
10/17/2022,2:33 PM,366.74,366.7899,366.38,366.455,252312
10/17/2022,2:36 PM,366.42,366.83,366.42,366.81,272571
10/17/2022,2:39 PM,366.81,367.0299,366.7695,366.93,289933
10/17/2022,2:42 PM,366.9307,367.23,366.93,367.13,278154
10/17/2022,2:45 PM,367.105,367.37,367.0301,367.235,319018
10/17/2022,2:48 PM,367.23,367.36,367.03,367.13,302286
10/17/2022,2:51 PM,367.12,367.23,366.95,367.13,207153
10/17/2022,2:54 PM,367.12,367.12,366.75,366.89,284826
10/17/2022,2:57 PM,366.89,367.08,366.72,367.03,262756
10/17/2022,3:00 PM,367.035,367.12,366.76,366.82,277973
10/17/2022,3:03 PM,366.81,367.07,366.4,366.41,376177
10/17/2022,3:06 PM,366.41,366.9,366.37,366.5,418326
10/17/2022,3:09 PM,366.51,366.5584,366.3098,366.54,350410
10/17/2022,3:12 PM,366.53,366.62,366.24,366.28,564727
10/17/2022,3:15 PM,366.2618,366.71,366.25,366.6005,458570
10/17/2022,3:18 PM,366.59,366.72,366.42,366.56,282901
10/17/2022,3:21 PM,366.55,366.7,366.22,366.3804,415263
10/17/2022,3:24 PM,366.39,366.94,366.22,366.83,408226
10/17/2022,3:27 PM,366.8049,366.99,366.76,366.91,415221
10/17/2022,3:30 PM,366.92,367.03,366.7,366.98,354643
10/17/2022,3:33 PM,366.98,367.17,366.73,367.13,392594
10/17/2022,3:36 PM,367.125,367.31,366.9,367.11,579982
10/17/2022,3:39 PM,367.115,367.135,366.87,366.98,497771
10/17/2022,3:42 PM,366.985,367.13,366.78,367.06,483886
10/17/2022,3:45 PM,367.06,367.61,367.045,367.51,700237
10/17/2022,3:48 PM,367.5,367.555,367.21,367.21,784460
10/17/2022,3:51 PM,367.2101,367.6,367.08,367.29,1489152
10/17/2022,3:54 PM,367.29,367.58,367.09,367.27,1100709
10/17/2022,3:57 PM,367.265,367.5,366.42,366.42,2099593
10/17/2022,4:00 PM,366.425,366.88,366.34,366.8,3671181
10/18/2022,9:33 AM,375.13,375.45,374.74,375.0133,2072654
10/18/2022,9:36 AM,375.02,375.35,374.27,374.69,1378575
10/18/2022,9:39 AM,374.69,374.95,374.22,374.6743,977312
10/18/2022,9:42 AM,374.66,374.83,373.85,374.08,1107516
10/18/2022,9:45 AM,374.09,374.49,373.9,374.11,719309
10/18/2022,9:48 AM,374.12,374.21,373.26,373.44,808332
10/18/2022,9:51 AM,373.45,374.28,373.45,374.22,609581
10/18/2022,9:54 AM,374.2,374.24,372.962,372.9716,648913
10/18/2022,9:57 AM,372.9999,373.41,372.45,373.28,809636
10/18/2022,10:00 AM,373.3,373.43,372.66,373.1,663356
10/18/2022,10:03 AM,373.12,373.84,373.04,373.76,590284
10/18/2022,10:06 AM,373.76,373.99,373.45,373.63,804755
10/18/2022,10:09 AM,373.65,373.8389,373.39,373.6099,390499
10/18/2022,10:12 AM,373.61,374.37,373.6,374.2417,579231
10/18/2022,10:15 AM,374.26,374.29,373.76,373.78,456328
10/18/2022,10:18 AM,373.79,374.1,373.05,373.3,517446
10/18/2022,10:21 AM,373.31,373.6,373.02,373.3823,385933
10/18/2022,10:24 AM,373.405,373.4105,372.65,372.76,536765
10/18/2022,10:27 AM,372.77,372.77,372.01,372.13,707489
10/18/2022,10:30 AM,372.13,372.37,371.91,371.95,547542
10/18/2022,10:33 AM,371.9682,372.195,371.65,371.83,521643
10/18/2022,10:36 AM,371.7801,372.01,371.64,371.96,634965
10/18/2022,10:39 AM,371.96,371.97,370.9654,371.17,943172
10/18/2022,10:42 AM,371.16,371.86,370.97,371.6902,672479
10/18/2022,10:45 AM,371.72,371.96,371.54,371.915,463326
10/18/2022,10:48 AM,371.93,372.18,371.61,372.17,545727
10/18/2022,10:51 AM,372.17,372.54,372.08,372.23,662646
10/18/2022,10:54 AM,372.22,372.28,371.74,371.93,394264
10/18/2022,10:57 AM,371.91,372.04,371.6099,371.95,502206
10/18/2022,11:00 AM,371.9283,371.96,371.435,371.5,629786
10/18/2022,11:03 AM,371.49,371.515,371,371.25,670395
10/18/2022,11:06 AM,371.22,371.955,371.2,371.69,414598
10/18/2022,11:09 AM,371.71,371.74,370.47,370.69,732647
10/18/2022,11:12 AM,370.69,370.79,370.53,370.5624,324544
10/18/2022,11:15 AM,370.57,370.6128,369.32,369.431,870066
10/18/2022,11:18 AM,369.4301,369.6399,369.21,369.4501,624601
10/18/2022,11:21 AM,369.49,369.85,369.17,369.34,555492
10/18/2022,11:24 AM,369.36,369.36,368.54,368.895,607589
10/18/2022,11:27 AM,368.87,368.92,368.12,368.78,747937
10/18/2022,11:30 AM,368.81,368.95,368.38,368.725,466235
10/18/2022,11:33 AM,368.71,368.83,368.32,368.63,540153
10/18/2022,11:36 AM,368.6501,368.78,368.14,368.54,377681
10/18/2022,11:39 AM,368.5175,368.53,367.52,367.78,735174
10/18/2022,11:42 AM,367.78,368.29,367.55,367.8,583441
10/18/2022,11:45 AM,367.78,368.45,367.6,368.3959,539630
10/18/2022,11:48 AM,368.42,368.7899,368.224,368.74,773270
10/18/2022,11:51 AM,368.79,369.14,368.6501,369.045,467866
10/18/2022,11:54 AM,369.04,369.32,368.91,369.2811,338085
10/18/2022,11:57 AM,369.29,369.31,368.71,369.0358,432370
10/18/2022,12:00 PM,369.04,369.3,368.83,369.22,281760
10/18/2022,12:03 PM,369.2,369.3,368.97,369.24,317161
10/18/2022,12:06 PM,369.2401,369.31,369.141,369.16,332293
10/18/2022,12:09 PM,369.16,370.18,368.56,370.1626,852770
10/18/2022,12:12 PM,370.18,370.31,369.9901,370.25,438314
10/18/2022,12:15 PM,370.27,370.7,370.19,370.34,663645
10/18/2022,12:18 PM,370.35,370.55,369.9107,370.48,514284
10/18/2022,12:21 PM,370.48,370.8,370.2,370.31,452523
10/18/2022,12:24 PM,370.28,370.44,369.931,370.02,360018
10/18/2022,12:27 PM,370.0297,370.15,369.57,369.5899,639684
10/18/2022,12:30 PM,369.59,370.04,369.47,369.9396,424909
10/18/2022,12:33 PM,369.96,370,369.58,369.9711,230602
10/18/2022,12:36 PM,369.97,370.46,369.8728,370.3801,338797
10/18/2022,12:39 PM,370.38,371.22,370.3499,371.05,735490
10/18/2022,12:42 PM,371.06,371.28,370.88,371.2,352098
10/18/2022,12:45 PM,371.2,371.41,370.88,370.9207,489177
10/18/2022,12:48 PM,370.91,370.9497,370.48,370.5699,458896
10/18/2022,12:51 PM,370.545,371.11,370.43,371.1,383333
10/18/2022,12:54 PM,371.105,371.24,370.87,371.17,448165
10/18/2022,12:57 PM,371.176,371.44,371.06,371.1,293800
10/18/2022,1:00 PM,371.105,371.115,370.425,370.43,427557
10/18/2022,1:03 PM,370.44,370.65,369.82,369.94,613610
10/18/2022,1:06 PM,369.94,370.05,369.18,369.87,668453
10/18/2022,1:09 PM,369.87,370.32,369.51,370.1702,437684
10/18/2022,1:12 PM,370.18,370.45,369.75,370.33,439376
10/18/2022,1:15 PM,370.34,370.81,370.29,370.74,423110
10/18/2022,1:18 PM,370.76,370.84,370.43,370.77,260333
10/18/2022,1:21 PM,370.76,371.02,370.46,370.77,226549
10/18/2022,1:24 PM,370.76,370.79,370.17,370.23,259742
10/18/2022,1:27 PM,370.2278,371.3,370.21,371.22,311241
10/18/2022,1:30 PM,371.23,371.27,370.81,371.22,215937
10/18/2022,1:33 PM,371.24,371.38,370.99,371.33,277532
10/18/2022,1:36 PM,371.33,372.17,371.24,372.01,619809
10/18/2022,1:39 PM,372.015,372.121,371.7,371.825,327740
10/18/2022,1:42 PM,371.82,372.02,371.59,371.62,281180
10/18/2022,1:45 PM,371.61,371.82,370.77,371.74,256073
10/18/2022,1:48 PM,371.7499,371.84,371.16,371.64,676685
10/18/2022,1:51 PM,371.64,371.98,371.59,371.97,283836
10/18/2022,1:54 PM,371.9014,372.07,371.58,371.9205,232504
10/18/2022,1:57 PM,371.93,372.38,371.87,371.92,339403
10/18/2022,2:00 PM,371.9,372.09,371.71,372.04,342423
10/18/2022,2:03 PM,372.03,372.26,371.82,371.855,272674
10/18/2022,2:06 PM,371.84,371.94,371.25,371.39,470222
10/18/2022,2:09 PM,371.39,371.95,371.28,371.7,336108
10/18/2022,2:12 PM,371.69,371.77,371.35,371.65,275346
10/18/2022,2:15 PM,371.64,371.74,371.45,371.58,125674
10/18/2022,2:18 PM,371.57,371.59,371.14,371.49,264945
10/18/2022,2:21 PM,371.5,371.63,371.02,371.09,237668
10/18/2022,2:24 PM,371.09,371.61,371.0799,371.53,363859
10/18/2022,2:27 PM,371.54,371.73,371.34,371.54,310040
10/18/2022,2:30 PM,371.55,372.03,371.49,371.93,268088
10/18/2022,2:33 PM,371.95,371.97,371.44,371.51,269815
10/18/2022,2:36 PM,371.505,371.78,371.4299,371.75,198600
10/18/2022,2:39 PM,371.755,371.8199,370.08,370.13,896477
10/18/2022,2:42 PM,370.13,370.51,369.73,369.93,544148
10/18/2022,2:45 PM,369.9,370.25,368.79,368.93,698370
10/18/2022,2:48 PM,368.93,369.28,368.39,368.49,695243
10/18/2022,2:51 PM,368.48,369.02,368.11,368.555,803321
10/18/2022,2:54 PM,368.54,369.32,368.42,369.25,578555
10/18/2022,2:57 PM,369.27,369.34,368.97,369.16,346090
10/18/2022,3:00 PM,369.17,369.6384,369.03,369.4,660333
10/18/2022,3:03 PM,369.4,369.51,368.49,369.03,578928
10/18/2022,3:06 PM,369.045,369.178,368.5,369.08,485965
10/18/2022,3:09 PM,369.08,369.3894,369.0101,369.35,241930
10/18/2022,3:12 PM,369.35,369.365,368.705,368.875,452602
10/18/2022,3:15 PM,368.86,369.05,368.53,368.73,336919
10/18/2022,3:18 PM,368.76,368.98,368.39,368.92,436753
10/18/2022,3:21 PM,368.92,369.17,368.785,368.82,429608
10/18/2022,3:24 PM,368.85,369.628,368.72,369.53,411882
10/18/2022,3:27 PM,369.54,369.63,369.24,369.36,326473
10/18/2022,3:30 PM,369.35,369.8,369.17,369.674,304800
10/18/2022,3:33 PM,369.69,370.84,369.47,370.745,734317
10/18/2022,3:36 PM,370.76,370.96,370.26,370.37,616925
10/18/2022,3:39 PM,370.39,370.44,370.11,370.165,436320
10/18/2022,3:42 PM,370.15,370.71,370.125,370.6129,330929
10/18/2022,3:45 PM,370.62,371.015,370.3999,370.8211,428924
10/18/2022,3:48 PM,370.82,370.8279,370.4601,370.5,631428
10/18/2022,3:51 PM,370.505,371.3,370.36,370.66,776788
10/18/2022,3:54 PM,370.67,370.81,370.365,370.63,1017864
10/18/2022,3:57 PM,370.62,370.64,370.06,370.31,1162971
10/18/2022,4:00 PM,370.315,371.23,370.19,371.14,3356814
10/19/2022,9:33 AM,368.99,369.91,368.3,369.5001,1143032
10/19/2022,9:36 AM,369.51,370.81,369.3589,370.575,1116116
10/19/2022,9:39 AM,370.58,370.94,370.01,370.02,725684
10/19/2022,9:42 AM,370.03,370.35,369.01,369.46,738798
10/19/2022,9:45 AM,369.47,369.47,368.52,369.14,688802
10/19/2022,9:48 AM,369.13,369.28,368.5,368.6789,551881
10/19/2022,9:51 AM,368.64,368.95,367.85,368.42,837688
10/19/2022,9:54 AM,368.4099,369.37,368.33,368.9,582255
10/19/2022,9:57 AM,368.9,369.5,368.51,368.6901,610533
10/19/2022,10:00 AM,368.7,368.94,368.37,368.59,382354
10/19/2022,10:03 AM,368.58,369.05,368.23,368.74,535400
10/19/2022,10:06 AM,368.69,369.6787,368.68,369.31,492385
10/19/2022,10:09 AM,369.34,369.73,369.26,369.42,427147
10/19/2022,10:12 AM,369.44,369.68,368.8501,369.05,335498
10/19/2022,10:15 AM,369.08,370.22,369.07,370.08,354222
10/19/2022,10:18 AM,370.089,370.86,370.07,370.16,699377
10/19/2022,10:21 AM,370.16,370.79,370.1,370.54,330053
10/19/2022,10:24 AM,370.56,371.5005,370.54,371.405,770111
10/19/2022,10:27 AM,371.405,371.62,371.12,371.28,518846
10/19/2022,10:30 AM,371.28,371.83,371.235,371.58,560250
10/19/2022,10:33 AM,371.59,371.85,371.05,371.12,654808
10/19/2022,10:36 AM,371.12,371.1701,370.76,370.85,452278
10/19/2022,10:39 AM,370.86,371.17,370.75,371.11,305909
10/19/2022,10:42 AM,371.1,371.27,370.42,370.47,392156
10/19/2022,10:45 AM,370.4812,370.675,370.2,370.56,247228
10/19/2022,10:48 AM,370.5699,370.73,370.3903,370.59,209053
10/19/2022,10:51 AM,370.58,370.79,370.07,370.28,375957
10/19/2022,10:54 AM,370.3,370.41,369.73,370.01,351978
10/19/2022,10:57 AM,370,370.0695,369.301,369.46,333222
10/19/2022,11:00 AM,369.47,369.77,369.35,369.68,397443
10/19/2022,11:03 AM,369.68,370.02,369.43,369.43,413529
10/19/2022,11:06 AM,369.44,369.7,369.205,369.63,394993
10/19/2022,11:09 AM,369.64,370.05,369.45,369.81,348676
10/19/2022,11:12 AM,369.81,370.52,369.72,370.52,352927
10/19/2022,11:15 AM,370.53,370.58,370.09,370.23,281492
10/19/2022,11:18 AM,370.2378,370.52,370.12,370.21,235082
10/19/2022,11:21 AM,370.21,370.74,370.15,370.15,268565
10/19/2022,11:24 AM,370.155,370.35,369.97,370.075,385092
10/19/2022,11:27 AM,370.07,370.15,369.38,369.505,365162
10/19/2022,11:30 AM,369.51,369.6498,369.32,369.5316,256237
10/19/2022,11:33 AM,369.55,369.78,369.07,369.46,567091
10/19/2022,11:36 AM,369.45,369.515,368.72,368.9497,249312
10/19/2022,11:39 AM,368.93,369.645,368.67,369.61,404058
10/19/2022,11:42 AM,369.62,369.85,369.54,369.58,331935
10/19/2022,11:45 AM,369.57,369.65,369.181,369.37,268290
10/19/2022,11:48 AM,369.42,369.82,369.3417,369.81,276543
10/19/2022,11:51 AM,369.82,369.93,369.6001,369.69,198819
10/19/2022,11:54 AM,369.71,370.35,369.7,370.12,294907
10/19/2022,11:57 AM,370.11,370.31,370.06,370.135,206779
10/19/2022,12:00 PM,370.13,370.13,369.7,369.73,317483
10/19/2022,12:03 PM,369.73,369.82,369.1,369.2104,437366
10/19/2022,12:06 PM,369.21,369.475,368.95,368.96,362907
10/19/2022,12:09 PM,368.94,369.14,368.52,368.58,304231
10/19/2022,12:12 PM,368.62,368.97,368.44,368.63,379733
10/19/2022,12:15 PM,368.625,369,368.59,368.7,269775
10/19/2022,12:18 PM,368.71,368.89,368.47,368.65,191860
10/19/2022,12:21 PM,368.64,368.99,368.62,368.85,270533
10/19/2022,12:24 PM,368.85,368.945,368.52,368.8225,175460
10/19/2022,12:27 PM,368.82,368.83,368.09,368.21,285816
10/19/2022,12:30 PM,368.21,368.41,368,368.2,353597
10/19/2022,12:33 PM,368.2,368.74,368.11,368.61,386184
10/19/2022,12:36 PM,368.62,368.7785,368.5176,368.7,219246
10/19/2022,12:39 PM,368.71,368.9211,368.415,368.54,225912
10/19/2022,12:42 PM,368.5138,368.655,367.77,367.8874,429803
10/19/2022,12:45 PM,367.88,367.94,367.56,367.68,408831
10/19/2022,12:48 PM,367.6706,367.685,366.95,367.1853,743156
10/19/2022,12:51 PM,367.18,367.36,366.865,367.35,624072
10/19/2022,12:54 PM,367.34,367.51,367.1601,367.275,464603
10/19/2022,12:57 PM,367.28,367.41,367.01,367.09,444618
10/19/2022,1:00 PM,367.08,367.34,366.97,367.25,257693
10/19/2022,1:03 PM,367.23,367.48,366.32,366.39,668648
10/19/2022,1:06 PM,366.42,366.61,365.55,365.711,961283
10/19/2022,1:09 PM,365.69,366.36,365.57,366.02,744488
10/19/2022,1:12 PM,366.02,366.38,365.93,366.14,535696
10/19/2022,1:15 PM,366.155,366.35,366.11,366.21,334499
10/19/2022,1:18 PM,366.1915,366.46,365.97,366.1,390253
10/19/2022,1:21 PM,366.11,366.63,366.05,366.39,354911
10/19/2022,1:24 PM,366.4,366.7,366.2324,366.3,496871
10/19/2022,1:27 PM,366.28,367.13,366.25,367.13,376696
10/19/2022,1:30 PM,367.15,367.16,366.53,366.61,435319
10/19/2022,1:33 PM,366.59,366.9099,366.42,366.73,285194
10/19/2022,1:36 PM,366.74,366.94,366.57,366.79,272104
10/19/2022,1:39 PM,366.79,366.79,366.2101,366.3,425543
10/19/2022,1:42 PM,366.31,366.59,366.1,366.4512,296044
10/19/2022,1:45 PM,366.46,366.8,366.45,366.745,262965
10/19/2022,1:48 PM,366.74,366.87,366.37,366.38,188030
10/19/2022,1:51 PM,366.39,366.57,366.07,366.095,193893
10/19/2022,1:54 PM,366.1,366.6,366.1,366.6,185116
10/19/2022,1:57 PM,366.595,366.855,366.38,366.47,231209
10/19/2022,2:00 PM,366.46,367,366.385,366.9301,199657
10/19/2022,2:03 PM,366.931,367.15,366.58,367.0601,322909
10/19/2022,2:06 PM,367.06,367.74,366.99,367.3112,752086
10/19/2022,2:09 PM,367.32,368.11,367.31,368.01,413626
10/19/2022,2:12 PM,368.02,368.095,367.58,367.9,416705
10/19/2022,2:15 PM,367.91,368.08,367.74,368.02,273240
10/19/2022,2:18 PM,368.05,368.32,367.89,368.18,442575
10/19/2022,2:21 PM,368.185,368.47,367.711,367.755,669048
10/19/2022,2:24 PM,367.75,367.875,367.62,367.705,324056
10/19/2022,2:27 PM,367.71,368.19,367.69,367.805,265522
10/19/2022,2:30 PM,367.8,368.13,367.69,368.12,190758
10/19/2022,2:33 PM,368.12,368.32,367.7701,368.275,273071
10/19/2022,2:36 PM,368.275,368.29,367.98,368.13,217731
10/19/2022,2:39 PM,368.15,368.16,367.7327,367.83,238829
10/19/2022,2:42 PM,367.83,367.93,367.4,367.6,335528
10/19/2022,2:45 PM,367.59,367.98,367.44,367.4558,283780
10/19/2022,2:48 PM,367.44,367.6,367.25,367.4193,294567
10/19/2022,2:51 PM,367.41,367.67,367.175,367.295,264927
10/19/2022,2:54 PM,367.28,367.33,367.14,367.15,154003
10/19/2022,2:57 PM,367.15,367.44,367.06,367.26,279309
10/19/2022,3:00 PM,367.27,367.2966,367.06,367.19,249099
10/19/2022,3:03 PM,367.19,367.51,367.02,367.45,383880
10/19/2022,3:06 PM,367.45,367.79,367.13,367.441,407146
10/19/2022,3:09 PM,367.41,367.46,366.91,367.1,398930
10/19/2022,3:12 PM,367.09,367.87,367.09,367.7901,426057
10/19/2022,3:15 PM,367.7935,368.1,367.62,367.83,633138
10/19/2022,3:18 PM,367.8,368.73,367.69,368.43,795090
10/19/2022,3:21 PM,368.445,368.58,368.33,368.4945,413182
10/19/2022,3:24 PM,368.49,368.62,368.1,368.177,311362
10/19/2022,3:27 PM,368.19,368.25,367.905,368.02,312197
10/19/2022,3:30 PM,368.0099,368.04,367.47,367.73,371005
10/19/2022,3:33 PM,367.72,367.87,367.43,367.65,315836
10/19/2022,3:36 PM,367.64,367.95,367.61,367.73,312545
10/19/2022,3:39 PM,367.725,368.09,367.69,367.865,455040
10/19/2022,3:42 PM,367.86,368.15,367.6,368.005,463736
10/19/2022,3:45 PM,368.01,368.04,367.6,367.92,336749
10/19/2022,3:48 PM,367.92,368.08,367.35,368.01,639637
10/19/2022,3:51 PM,368,368.1,367.5,367.67,694896
10/19/2022,3:54 PM,367.675,367.91,367.43,367.845,450133
10/19/2022,3:57 PM,367.87,368.35,367.87,368.32,841259
10/19/2022,4:00 PM,368.32,368.67,368.21,368.56,2310503
10/20/2022,9:33 AM,368.03,368.69,367.64,367.76,939874
10/20/2022,9:36 AM,367.77,368.67,367.429,367.715,783107
10/20/2022,9:39 AM,367.75,368.08,367.17,367.97,624301
10/20/2022,9:42 AM,367.97,368.16,367,368,573705
10/20/2022,9:45 AM,368.01,368.36,367.44,368.3,680563
10/20/2022,9:48 AM,368.31,369.17,368.17,369.02,964665
10/20/2022,9:51 AM,369.04,369.21,368.53,369.13,648955
10/20/2022,9:54 AM,369.17,369.78,368.85,369.48,603917
10/20/2022,9:57 AM,369.48,369.77,369.19,369.72,419222
10/20/2022,10:00 AM,369.72,369.82,369.0789,369.1,476845
10/20/2022,10:03 AM,369.11,370.25,368.975,370.18,582920
10/20/2022,10:06 AM,370.14,370.82,370,370.75,602286
10/20/2022,10:09 AM,370.81,371.17,370.7,371.11,678956
10/20/2022,10:12 AM,371.11,371.77,371.11,371.65,625441
10/20/2022,10:15 AM,371.66,371.7,370.87,371.0782,581534
10/20/2022,10:18 AM,371.065,371.59,371.065,371.58,516012
10/20/2022,10:21 AM,371.58,372.67,371.3301,372.4299,972747
10/20/2022,10:24 AM,372.42,372.55,372.02,372.16,473893
10/20/2022,10:27 AM,372.15,372.44,371.71,371.74,472720
10/20/2022,10:30 AM,371.75,372.19,371.65,372.14,406373
10/20/2022,10:33 AM,372.19,372.48,371.03,371.22,635037
10/20/2022,10:36 AM,371.2,371.36,370.98,371.205,405108
10/20/2022,10:39 AM,371.21,371.44,371.08,371.4,337179
10/20/2022,10:42 AM,371.4,371.43,370.67,370.8836,341215
10/20/2022,10:45 AM,370.88,371.17,370.67,371.08,313909
10/20/2022,10:48 AM,371.07,371.42,370.99,371.4,290155
10/20/2022,10:51 AM,371.38,371.52,371.16,371.26,358646
10/20/2022,10:54 AM,371.27,371.62,371.14,371.2,451317
10/20/2022,10:57 AM,371.19,371.41,370.97,371.33,372515
10/20/2022,11:00 AM,371.325,371.99,371.325,371.96,527228
10/20/2022,11:03 AM,371.97,372.16,371.53,371.5499,612174
10/20/2022,11:06 AM,371.58,371.75,371.28,371.56,490468
10/20/2022,11:09 AM,371.57,371.79,371.411,371.485,274175
10/20/2022,11:12 AM,371.4807,371.76,371.4199,371.74,228305
10/20/2022,11:15 AM,371.73,371.92,371.53,371.7,284646
10/20/2022,11:18 AM,371.67,371.77,371.2,371.25,261047
10/20/2022,11:21 AM,371.27,371.27,370.71,370.74,454837
10/20/2022,11:24 AM,370.72,371.13,370.69,371.12,321023
10/20/2022,11:27 AM,371.11,371.1899,370.67,370.72,312186
10/20/2022,11:30 AM,370.78,370.86,369.85,370.2901,880499
10/20/2022,11:33 AM,370.3,370.8,370.23,370.78,360453
10/20/2022,11:36 AM,370.79,371.005,370.49,371.005,448170
10/20/2022,11:39 AM,371.02,371.39,370.82,371.29,305609
10/20/2022,11:42 AM,371.32,371.46,371.12,371.33,247795
10/20/2022,11:45 AM,371.335,371.44,371,371.1199,232300
10/20/2022,11:48 AM,371.11,371.195,370.72,370.8,310702
10/20/2022,11:51 AM,370.7715,371.115,370.77,371.0028,221385
10/20/2022,11:54 AM,371,371.3,370.96,371.15,242451
10/20/2022,11:57 AM,371.15,371.16,370.63,370.63,265533
10/20/2022,12:00 PM,370.67,370.785,370.17,370.2201,300964
10/20/2022,12:03 PM,370.2499,370.3786,369.405,369.44,739937
10/20/2022,12:06 PM,369.44,369.74,369.41,369.65,294205
10/20/2022,12:09 PM,369.65,369.659,368.64,368.8,815349
10/20/2022,12:12 PM,368.82,368.98,368.63,368.78,544108
10/20/2022,12:15 PM,368.79,368.84,368.45,368.73,449492
10/20/2022,12:18 PM,368.73,369.25,368.6101,369.135,674333
10/20/2022,12:21 PM,369.1492,369.275,368.51,368.63,416834
10/20/2022,12:24 PM,368.63,368.85,368.17,368.5,554089
10/20/2022,12:27 PM,368.495,368.63,368.18,368.21,348971
10/20/2022,12:30 PM,368.18,368.31,367.85,368.16,622642
10/20/2022,12:33 PM,368.1499,368.365,367.95,368.29,373225
10/20/2022,12:36 PM,368.25,368.49,368.03,368.19,409497
10/20/2022,12:39 PM,368.1801,368.22,367.65,367.665,922667
10/20/2022,12:42 PM,367.67,368.14,367.67,368.11,359407
10/20/2022,12:45 PM,368.1,368.14,367.67,367.8228,386266
10/20/2022,12:48 PM,367.83,367.83,367.19,367.22,647694
10/20/2022,12:51 PM,367.21,367.745,367.19,367.645,488165
10/20/2022,12:54 PM,367.6499,367.82,367.36,367.42,355572
10/20/2022,12:57 PM,367.42,367.71,367.29,367.71,402836
10/20/2022,1:00 PM,367.71,367.97,367.6601,367.9,440302
10/20/2022,1:03 PM,367.9,367.92,367.48,367.7438,299275
10/20/2022,1:06 PM,367.75,368.05,367.56,367.65,606161
10/20/2022,1:09 PM,367.64,367.7201,366.36,366.395,983605
10/20/2022,1:12 PM,366.41,367.33,366.4,367.2,549097
10/20/2022,1:15 PM,367.2,367.2599,366.84,366.95,466239
10/20/2022,1:18 PM,366.965,367.08,366.6,366.78,455714
10/20/2022,1:21 PM,366.78,366.9,366.55,366.63,416898
10/20/2022,1:24 PM,366.64,367.38,366.56,366.9464,658687
10/20/2022,1:27 PM,366.959,367.18,366.79,367.16,288372
10/20/2022,1:30 PM,367.16,367.275,367.01,367.11,222552
10/20/2022,1:33 PM,367.11,367.19,366.64,366.9299,329915
10/20/2022,1:36 PM,366.92,367.02,366.74,366.8701,234343
10/20/2022,1:39 PM,366.87,367.1999,366.87,366.98,261501
10/20/2022,1:42 PM,366.99,366.99,366.51,366.54,344327
10/20/2022,1:45 PM,366.53,367.03,366.29,366.67,480099
10/20/2022,1:48 PM,366.67,366.77,366.12,366.29,561657
10/20/2022,1:51 PM,366.28,366.34,365.47,365.5,939710
10/20/2022,1:54 PM,365.4844,365.96,365.3764,365.901,3314279
10/20/2022,1:57 PM,365.905,365.9275,365.47,365.7,457120
10/20/2022,2:00 PM,365.7,366.15,365.7,366.06,403670
10/20/2022,2:03 PM,366.04,366.23,365.84,365.9,478339
10/20/2022,2:06 PM,365.8725,365.98,365.47,365.7,375387
10/20/2022,2:09 PM,365.69,365.88,365.65,365.87,62025
10/20/2022,2:30 PM,364.8,364.83,364.67,364.69,4332815
10/20/2022,2:33 PM,364.695,365.05,364.66,365.04,515932
10/20/2022,2:36 PM,365.05,365.63,365.01,365.36,926288
10/20/2022,2:39 PM,365.37,365.68,365.26,365.44,449180
10/20/2022,2:42 PM,365.44,365.45,365.17,365.25,238141
10/20/2022,2:45 PM,365.28,365.31,364.7,364.76,548509
10/20/2022,2:48 PM,364.765,365.1154,364.66,365.1154,509383
10/20/2022,2:51 PM,365.12,365.2656,364.8,364.86,570246
10/20/2022,2:54 PM,364.86,365.68,364.805,365.68,716565
10/20/2022,2:57 PM,365.68,365.96,365.49,365.94,388407
10/20/2022,3:00 PM,365.94,366.22,365.6,365.6299,548843
10/20/2022,3:03 PM,365.6289,366,365.6,365.81,664552
10/20/2022,3:06 PM,365.78,365.95,365.57,365.83,458969
10/20/2022,3:09 PM,365.84,366.6199,365.675,366.46,593627
10/20/2022,3:12 PM,366.455,366.61,366.06,366.2,549848
10/20/2022,3:15 PM,366.2,366.33,365.886,366.19,411970
10/20/2022,3:18 PM,366.185,366.23,365.7,365.74,429458
10/20/2022,3:21 PM,365.76,365.85,365.29,365.34,507910
10/20/2022,3:24 PM,365.34,365.35,365,365.07,568062
10/20/2022,3:27 PM,365.07,365.47,365.035,365.255,840867
10/20/2022,3:30 PM,365.2767,365.45,364.9,365.27,480567
10/20/2022,3:33 PM,365.275,365.3581,364.71,364.8101,410262
10/20/2022,3:36 PM,364.8189,365.01,364.61,364.6501,529883
10/20/2022,3:39 PM,364.66,365.39,364.62,365.17,580667
10/20/2022,3:42 PM,365.13,365.22,364.84,365.095,416436
10/20/2022,3:45 PM,365.1,365.67,364.91,365.45,732360
10/20/2022,3:48 PM,365.45,365.86,365.15,365.86,1063485
10/20/2022,3:51 PM,365.86,366.08,365.46,365.86,969690
10/20/2022,3:54 PM,365.87,366.4699,365.63,366.465,2224803
10/20/2022,3:57 PM,366.47,366.54,365.8,366,1211517
10/20/2022,4:00 PM,365.99,366,365.33,365.48,4595379
10/21/2022,9:33 AM,365.99,366,365.33,365.48,4595379
10/21/2022,9:36 AM,365.99,366,365.33,365.48,4595379
10/21/2022,9:39 AM,365.99,366,365.33,365.48,4595379
10/21/2022,9:42 AM,365.99,366,365.33,365.48,4595379
10/21/2022,9:45 AM,365.99,366,365.33,365.48,4595379
10/21/2022,9:48 AM,365.99,366,365.33,365.48,4595379
10/21/2022,9:51 AM,365.99,366,365.33,365.48,4595379
10/21/2022,9:54 AM,365.99,366,365.33,365.48,4595379
10/21/2022,9:57 AM,365.99,366,365.33,365.48,4595379
10/21/2022,10:00 AM,365.99,366,365.33,365.48,4595379
10/21/2022,10:03 AM,365.99,366,365.33,365.48,4595379
10/21/2022,10:06 AM,365.99,366,365.33,365.48,4595379
10/21/2022,10:09 AM,365.99,366,365.33,365.48,4595379
10/21/2022,10:12 AM,365.99,366,365.33,365.48,4595379
10/21/2022,10:15 AM,365.99,366,365.33,365.48,4595379
